R,UCCSD (kJ/mol),UB3LYP (kJ/mol),UHF (kJ/mol)
0.5,1332.887445,1828.719066,1782.868366
0.51,1238.910714,1677.526903,1631.861427
0.52,1150.254916,1537.818504,1492.428201
0.53,1066.667441,1408.712464,1363.68232
0.54,987.9069017,1289.401656,1244.811561
0.55,913.7426571,1179.145874,1135.070989
0.56,843.9543426,1077.265268,1033.776806
0.57,778.3314281,983.1353459,940.3008282
0.58,716.6727926,896.1826606,854.0655168
0.59,658.7863166,815.8800272,774.5394972
0.6,604.4884926,741.7417334,701.233512
0.61,553.6040521,673.3198953,633.6967621
0.62,505.9656076,610.2018342,571.5135913
0.63,461.4133114,552.0073884,514.3004816
0.64,419.7945278,498.3857594,461.7033271
0.65,380.9635193,449.0125591,413.3949564
0.66,344.7811473,403.5876664,369.0728823
0.67,311.1145841,361.8336266,328.4572554
0.68,279.8370386,323.493944,291.2890017
0.69,250.8274924,288.331108,257.3281265
0.7,223.9704485,256.1247422,226.3521735
0.71,199.1556898,226.6702491,198.1548154
0.72,176.278048,199.777863,172.5445747
0.73,155.2371835,175.2716544,149.3436536
0.74,135.9373728,152.9883381,128.3868684
0.75,118.2873069,132.7760316,109.520674
0.76,102.1998974,114.4932469,92.60227477
0.77,87.59209077,98.0082625,77.4988099
0.78,74.38469116,83.19858579,64.0866105
0.79,62.50219051,69.95035147,52.25051427
0.8,51.87260595,58.15756023,41.88323543
0.81,42.42732427,47.72132789,32.88479757
0.82,34.10095309,38.54931037,25.16199808
0.83,26.83117834,30.55534666,18.62791718
0.84,20.55862801,23.65914635,13.2014768
0.85,15.22674163,17.78592208,8.807020559
0.86,10.78164551,12.86594583,5.373927758
0.87,7.172033266,8.834105213,2.836264228
0.88,4.349051556,5.629514895,1.132446249
0.89,2.266190724,3.195246165,0.2049465
0.9,0.879180184,1.478119529,0
0.91,0.145888328,0.428484164,0.467357311
0.92,0,0,1.56002199
0.93,0.482058696,0.149385677,3.234053675
0.94,1.477111286,0.836163868,5.448329166
0.95,2.976891808,2.022440736,8.164374391
0.96,4.948607445,3.672709024,11.34617275
0.97,7.361088565,5.753706278,14.96000232
0.98,10.18471534,8.234294072,18.97428359
0.99,13.39134756,11.08535299,23.35943244
1,16.95425747,14.27965397,28.08773409
1.01,20.84806559,17.79173231,33.13321709
1.02,25.04867928,21.59771694,38.4715457
1.03,29.53323404,25.67519137,44.07989907
1.04,34.28003731,30.00309645,49.9368925
1.05,39.26851477,34.56165692,56.02248031
1.06,44.47915901,39.33233938,62.31786654
1.07,49.89348038,44.29780241,68.80542622
1.08,55.49396006,49.44182829,75.46864232
1.09,61.26400519,54.74924164,82.29202965
1.1,67.18790588,60.205807,89.26107708
1.11,73.25079426,65.7981422,96.36218189
1.12,79.43860519,71.51366058,103.5825946
1.13,85.7380388,77.34053691,110.9103825
1.14,92.13652464,83.26768107,118.3343555
1.15,98.62218741,89.28473546,125.8440431
1.16,105.1838142,95.38202249,133.4296419
1.17,111.8108234,101.5505026,141.0819809
1.18,118.4932343,107.7817242,148.792472
1.19,125.2216392,114.067761,156.5530918
1.2,131.9871754,120.4011724,164.3563313
1.21,138.7814997,126.7749665,172.1951771
1.22,145.5967632,133.1826008,180.0630754
1.23,152.4255873,139.617955,187.9539047
1.24,159.2610415,146.0753267,195.8619508
1.25,166.096621,152.5494123,203.7818799
1.26,172.9262265,159.0352654,211.7087164
1.27,179.7441441,165.5282782,219.6378198
1.28,186.5450264,172.0241476,227.5648637
1.29,193.3238745,178.5188434,235.485816
1.3,200.0760206,185.008598,243.3969205
1.31,206.7971116,191.4898854,251.2946785
1.32,213.4830935,197.9594184,259.1758335
1.33,220.1301962,204.4141383,267.0373541
1.34,226.7349191,210.8512043,274.8764202
1.35,233.2940177,217.2679806,282.6904093
1.36,239.8044902,223.6620252,290.4768837
1.37,246.2635654,230.0310619,298.2335784
1.38,252.6686905,236.3729746,305.958389
1.39,259.0175198,242.6857837,313.6493627
1.4,265.3079042,248.9676565,321.3046879
1.41,271.5378803,255.2168733,328.9226843
1.42,277.7056612,261.4318457,336.5017957
1.43,283.8096266,267.611093,344.0405818
1.44,289.8483141,273.7532551,351.5377099
1.45,295.8204108,279.8570691,358.9919494
1.46,301.7247446,285.9213772,366.4021653
1.47,307.560277,291.9451056,373.7673116
1.48,313.3260958,297.9272698,381.0864263
1.49,319.0214074,303.8669507,388.3586273
1.5,324.6455306,309.7633082,395.5831062
1.51,330.1978902,315.6155653,402.7591254
1.52,335.6780107,321.4230103,409.8860129
1.53,341.0855106,327.1849895,416.9631598
1.54,346.4200971,332.9009122,423.9900162
1.55,351.6815603,338.5702402,430.9660887
1.56,356.8697688,344.1924982,437.8909358
1.57,361.9846645,349.7672583,444.7641672
1.58,367.0262584,355.2941345,451.5854403
1.59,371.994626,360.7727987,458.3544572
1.6,376.8899035,366.2029515,465.0709641
1.61,381.7122836,371.5843436,471.734747
1.62,386.462012,376.9167517,478.3456317
1.63,391.139384,382.1999947,484.9034807
1.64,395.7447406,387.4339203,491.4081917
1.65,400.2784662,392.618413,497.8596965
1.66,404.7409846,397.7533888,504.2579579
1.67,409.132757,402.8387978,510.60297
1.68,413.4542788,407.8746163,516.8947551
1.69,417.706077,412.8608523,523.1333631
1.7,421.888708,417.7975425,529.3188703
1.71,426.0027552,422.6847499,535.4513774
1.72,430.0488268,427.5225585,541.5310079
1.73,434.0275535,432.3110812,547.5579085
1.74,437.9395867,437.0504415,553.5322457
1.75,441.7855969,441.7407942,559.4542064
1.76,445.5662714,446.3822994,565.3239957
1.77,449.2823129,450.9751463,571.1418358
1.78,452.9344382,455.5195317,576.907966
1.79,456.5233759,460.0156709,582.62264
1.8,460.0498659,464.4637976,588.2861254
1.81,463.5146574,468.864156,593.8987038
1.82,466.9185081,473.2170086,599.460668
1.83,470.2621826,477.522631,604.9723223
1.84,473.5464516,481.7813096,610.4339817
1.85,476.7720907,485.9933513,615.8459698
1.86,479.9398792,490.1590635,621.2086186
1.87,483.0505996,494.2787744,626.5222683
1.88,486.1050366,498.3528094,631.7872654
1.89,489.1039758,502.3815125,637.0039625
1.9,492.0482035,506.3652225,642.172718
1.91,494.9385059,510.3042911,647.2938941
1.92,497.7756679,514.1990675,652.3678575
1.93,500.5604732,518.0499088,657.394978
1.94,503.293703,521.8571694,662.3756283
1.95,505.976136,525.6212117,667.3101829
1.96,508.6085476,529.3423953,672.1990183
1.97,511.1917093,533.0210905,677.0425122
1.98,513.7263886,536.6576674,681.8410425
1.99,516.2133483,540.2524962,686.5949885
2,518.6533461,543.8059577,691.3047281
2.01,521.0471345,547.3184325,695.9706398
2.02,523.3954602,550.7903039,700.5931012
2.03,525.6990637,554.2219553,705.1724887
2.04,527.9586795,557.6137752,709.7091775
2.05,530.1750354,560.966147,714.2035413
2.06,532.3488523,564.2794541,718.6559528
2.07,534.4808442,567.5540743,723.066782
2.08,536.5717179,570.7903833,727.4363978
2.09,538.6221726,573.9887538,731.7651662
2.1,540.6329002,577.1495508,736.0534517
2.11,542.6045846,580.2731392,740.3016164
2.12,544.5379022,583.3598761,744.51002
2.13,546.4335212,586.4101212,748.6790202
2.14,548.2921018,589.4242315,752.8089715
2.15,550.114296,592.4025641,756.9002269
2.16,551.9007477,595.3454761,760.9531366
2.17,553.6520926,598.2533299,764.9680488
2.18,555.3689578,601.1264824,768.9453087
2.19,557.0519623,603.965296,772.8852592
2.2,558.7017165,606.7701356,776.7882411
2.21,560.3188226,609.5413583,780.654593
2.22,561.9038741,612.2793238,784.4846509
2.23,563.4574564,614.9843866,788.2787483
2.24,564.9801461,617.656901,792.0372166
2.25,566.4725117,620.2972137,795.7603854
2.26,567.9351131,622.9056607,799.4485809
2.27,569.3685019,625.4825781,803.1021285
2.28,570.7732214,628.0282967,806.7213504
2.29,572.1498065,630.543142,810.3065667
2.3,573.4987839,633.0274265,813.8580958
2.31,574.8206721,635.4814731,817.3762532
2.32,576.1159813,637.9055969,820.8613527
2.33,577.3852137,640.300105,824.3137062
2.34,578.6288634,642.6653205,827.7336224
2.35,579.8474165,645.0015531,831.1214088
2.36,581.0413512,647.3091204,834.4773702
2.37,582.2111379,649.5883429,837.801809
2.38,583.357239,651.8395356,841.095026
2.39,584.4801094,654.0630213,844.3573193
2.4,585.5801961,656.2591205,847.5889842
2.41,586.6579389,658.4281455,850.7903147
2.42,587.7137699,660.570414,853.9616019
2.43,588.7481137,662.6862359,857.1031346
2.44,589.7613877,664.7759183,860.2151991
2.45,590.7540021,666.8397658,863.2980792
2.46,591.7263599,668.8780724,866.3520566
2.47,592.6788571,670.8911322,869.3774104
2.48,593.6118825,672.8792314,872.3744169
2.49,594.5258183,674.8426562,875.34335
2.5,595.4210397,676.7816848,878.2844811
2.51,596.2979153,678.6966008,881.1980794
2.52,597.156807,680.58768,884.0844106
2.53,597.9980703,682.4551952,886.9437383
2.54,598.822054,684.2994223,889.7763237
2.55,599.6291009,686.1206395,892.5824251
2.56,600.4195473,687.9191172,895.3622978
2.57,601.1937233,689.6951286,898.1161949
2.58,601.9519531,691.4489492,900.8443665
2.59,602.6945549,693.1808469,903.5470605
2.6,603.4218407,694.8910921,906.2245214
2.61,604.1341171,696.57995,908.876992
2.62,604.8316847,698.2476857,911.5047112
2.63,605.5148385,699.8945592,914.1079167
2.64,606.1838682,701.5208226,916.686842
2.65,606.8390577,703.126733,919.2417194
2.66,607.4806858,704.7125348,921.7727777
2.67,608.1090258,706.278472,924.2802435
2.68,608.724346,707.8247837,926.7643405
2.69,609.3269094,709.3517086,929.2252906
2.7,609.9169741,710.8594753,931.6633128
2.71,610.4947933,712.34832,934.0786233
2.72,611.0606151,713.8184659,936.4714362
2.73,611.6146832,715.270144,938.8419636
2.74,612.1572361,716.7035828,941.1904144
2.75,612.6885082,718.1190001,943.5169959
2.76,613.208729,719.5166297,945.8219134
2.77,613.7181236,720.8966894,948.1053687
2.78,614.2169129,560.7029486,950.367563
2.79,614.7053133,561.0185599,952.6086939
2.8,615.1835371,561.327232,954.8289584
2.81,615.6517922,561.6291172,957.02855
2.82,616.1102828,561.9243599,959.2076614
2.83,616.5592087,562.2131071,961.3664827
2.84,616.998766,562.4955006,963.5052023
2.85,617.4291469,562.7716821,965.6240065
2.86,617.8505397,563.041783,967.7230803
2.87,618.2631291,563.3059398,969.8026065
2.88,618.6670961,563.5642785,971.862766
2.89,619.0626181,563.8169198,973.9037385
2.9,619.4498688,564.0639845,975.9257022
2.91,619.8290187,564.305583,977.9288326
2.92,620.2002347,564.5418255,979.913305
2.93,620.5636806,564.7728117,981.8792922
2.94,620.9195167,564.998644,983.8269661
2.95,621.2679002,565.2194197,985.7564967
2.96,621.608985,565.4352305,987.6680529
2.97,621.9429221,565.646171,989.5618021
2.98,622.2698594,565.8523279,991.4379101
2.99,622.5899417,566.0537982,993.2965417
3,622.9033111,566.250666,995.1378603
3.01,623.2101066,566.4430206,996.962028
3.02,623.5104646,566.6309565,998.7692053
3.03,623.8045186,566.8145577,1000.559552
3.04,624.0923995,566.9939214,1002.333227
3.05,624.3742353,567.1691341,1004.090387
3.06,624.6501518,567.3402878,1005.831189
3.07,624.9202719,567.507477,1007.555786
3.08,625.1847162,567.6707935,1009.264333
3.09,625.4436027,567.8303241,1010.956982
3.1,625.6970472,567.986158,1012.633885
3.11,625.9451628,568.1383819,1014.295193
3.12,626.1880607,568.2870718,1015.941055
3.13,626.4258496,568.4323118,1017.571618
3.14,626.6586359,568.5741754,1019.187031
3.15,626.886524,568.7127309,1020.787439
3.16,627.109616,568.8480492,1022.372987
3.17,627.3280121,568.9801958,1023.943819
3.18,627.5418104,569.1092313,1025.50008
3.19,627.7511067,569.2352159,1027.04191
3.2,627.9559953,569.3582074,1028.56945
3.21,628.1565682,569.4782584,1030.08284
3.22,628.3529156,569.5954265,1031.58222
3.23,628.5451259,569.7097618,1033.067727
3.24,628.7332857,569.8213166,1034.539498
3.25,628.9174797,569.930141,1035.997669
3.26,629.097791,570.0362847,1037.442375
3.27,629.2743007,570.1398055,1038.873749
3.28,629.4470887,570.2407481,1040.291925
3.29,629.6162327,570.3391728,1041.697034
3.3,629.7818093,570.4351296,1043.089206
3.31,629.9438932,570.5286787,1044.468572
3.32,630.1025575,570.6198781,1045.83526
3.33,630.2578741,570.7087854,1047.189399
3.34,630.4099132,570.7954531,1048.531114
3.35,630.5587436,570.8799417,1049.860531
3.36,630.7044325,570.962301,1051.177776
3.37,630.8470459,571.0425835,1052.482971
3.38,630.9866485,571.1208418,1053.776239
3.39,631.1233035,571.1971257,1055.057702
3.4,631.2570728,571.2714772,1056.32748
3.41,631.388017,571.3439436,1057.585692
3.42,631.5161955,571.414567,1058.832458
3.43,631.6416664,571.4833918,1060.067895
3.44,631.7644867,571.5504497,1061.292118
3.45,631.8847122,571.6157852,1062.505245
3.46,632.0023973,571.67943,1063.707388
3.47,632.1175956,571.7414207,1064.898661
3.48,632.2303594,571.8017888,1066.079177
3.49,632.3407399,571.8605632,1067.249046
3.5,632.4487872,571.9177781,1068.40838
3.51,632.5545506,571.9734597,1069.557288
3.52,632.6580781,572.0276421,1070.695876
3.53,632.7594167,572.080349,1071.824254
3.54,632.8586126,572.1316119,1072.942527
3.55,632.955711,572.1814649,1074.050801
3.56,633.050756,572.2299395,1075.149179
3.57,633.1437909,572.2770725,1076.237765
3.58,633.2348581,572.3228979,1077.316662
3.59,633.3239991,572.3674527,1078.38597
3.6,633.4112544,572.4107682,1079.445789
3.61,633.4966638,572.4528785,1080.49622
3.62,633.5802663,572.4938153,1081.537359
3.63,633.6620999,572.53361,1082.569306
3.64,633.742202,572.5722863,1083.592156
3.65,633.8206091,572.6098782,1084.606004
3.66,633.897357,572.646412,1085.610945
3.67,633.9724807,572.681914,1086.607073
3.68,634.0460145,572.7164104,1087.594479
3.69,634.1179919,572.7499249,1088.573257
3.7,634.1884457,572.7824838,1089.543496
3.71,634.2574082,572.8141132,1090.505286
3.72,634.3249109,572.8448289,1091.458717
3.73,634.3909845,572.8746572,1092.403876
3.74,634.4556592,572.9036191,1093.34085
3.75,634.5189647,572.9317355,1094.269725
3.76,634.5809298,572.9590224,1095.190587
3.77,634.6415828,572.9855005,1096.103521
3.78,634.7009514,573.0111884,1097.008609
3.79,634.7590629,573.0361018,1097.905934
3.8,634.8159437,573.0602616,1098.795579
3.81,634.8716198,573.0836837,1099.677624
3.82,634.9261168,573.1063838,1100.552149
3.83,634.9794596,573.1283855,1101.419234
3.84,635.0316725,573.1497124,1102.278957
3.85,635.0827794,573.1703935,1103.131396
3.86,635.1328038,573.1904549,1103.976627
3.87,635.1817685,573.2099204,1104.814727
3.88,635.2296959,573.2288108,1105.64577
3.89,635.2766079,573.2471473,1106.469832
3.9,635.3225261,573.2649456,1107.286986
3.91,635.3674714,573.2822214,1108.097304
3.92,635.4114645,573.2989852,1108.90086
3.93,635.4545254,573.3152554,1109.697723
3.94,635.4966739,573.3310399,1110.487965
3.95,635.5379293,573.3463492,1111.271656
3.96,635.5783106,573.3611964,1112.048865
3.97,635.6178361,573.3755868,1112.819659
3.98,635.6565239,573.3895308,1113.584107
3.99,635.694392,573.4030364,1114.342276
4,635.7314574,573.416114,1115.094231
4.01,635.7677374,573.4287689,1115.840039
4.02,635.8032484,573.4410116,1116.579764
4.03,635.8380068,573.4528473,1117.313469
4.04,635.8720285,573.4642866,1118.041219
4.05,635.9053291,573.4753374,1118.763077
4.06,635.9379238,573.48601,1119.479104
4.07,635.9698276,573.4963125,1120.189361
4.08,636.0010552,573.5062579,1120.89391
4.09,636.0316208,573.5158567,1121.59281
4.1,636.0615384,573.5251195,1122.286121
4.11,636.0908218,573.534054,1122.973901
4.12,636.1194845,573.5426735,1123.65621
4.13,636.1475395,573.550978,1124.333104
4.14,636.1749997,573.5589805,1125.00464
4.15,636.2018778,573.5666995,1125.670874
4.16,636.228186,573.5741585,1126.331863
4.17,636.2539364,573.5813813,1126.987661
4.18,636.2791409,573.5883835,1127.638322
4.19,636.303811,573.595173,1128.283901
4.2,636.327958,573.6017657,1128.924451
4.21,636.351593,573.6081666,1129.560025
4.22,636.3747269,573.6143864,1130.190674
4.23,636.3973702,573.6204277,1130.816451
4.24,636.4195334,573.6262983,1131.437406
4.25,636.4412266,573.6319957,1132.053589
4.26,636.4624598,573.6375302,1132.665051
4.27,636.4832428,573.6429046,1133.271842
4.28,636.503585,573.6481241,1133.874009
4.29,636.5234959,573.6531913,1134.4716
4.3,636.5429845,573.6581115,1135.064665
4.31,636.5620599,573.662882,1135.65325
4.32,636.5807307,573.6675108,1136.237401
4.33,636.5990055,573.6719899,1136.817166
4.34,636.6168928,573.6763272,1137.392589
4.35,636.6344007,573.6805175,1137.963716
4.36,636.6515373,573.6845608,1138.530591
4.37,636.6683105,573.688457,1139.093259
4.38,636.6847279,573.6922115,1139.651762
4.39,636.7007972,573.6958163,1140.206146
4.4,636.7165256,573.6992793,1140.756452
4.41,636.7319204,573.7026006,1141.302722
4.42,636.7469887,573.7057801,1141.844999
4.43,636.7617374,573.708823,1142.383324
4.44,636.7761733,573.7117373,1142.917737
4.45,636.790303,573.7145204,1143.448279
4.46,636.8041329,573.71718,1143.97499
4.47,636.8176696,573.719711,1144.497909
4.48,636.8309191,573.7221054,1145.017076
4.49,636.8438875,573.7243739,1145.53253
4.5,636.8565809,573.7265373,1146.044308
4.51,636.869005,573.7286114,1146.552448
4.52,636.8811656,573.7306042,1147.056989
4.53,636.8930682,573.7325261,1147.557966
4.54,636.9047184,573.7343797,1148.055416
4.55,636.9161214,573.7361729,1148.549376
4.56,636.9272825,573.7379136,1149.039881
4.57,636.9382068,573.7396018,1149.526967
4.58,636.9488994,573.7412453,1150.010669
4.59,636.9593652,573.7428495,1150.491021
4.6,636.969609,573.7444143,1150.968057
4.61,636.9796355,573.745945,1151.441812
4.62,636.9894492,573.7474441,1151.912319
4.63,636.9990548,573.7489118,1152.37961
4.64,637.0084566,573.7503506,1152.84372
4.65,637.0176589,573.7517605,1153.304679
4.66,637.026666,573.7531415,1153.76252
4.67,637.0354821,573.7544936,1154.217275
4.68,637.0441111,573.7558169,1154.668975
4.69,637.052557,573.7571112,1155.117652
4.7,637.0608238,573.7583767,1155.563334
4.71,637.0689151,573.7596081,1156.006054
4.72,637.0768349,573.7608053,1156.44584
4.73,637.0845866,573.7619684,1156.882723
4.74,637.0921738,573.7630921,1157.316732
4.75,637.0996,573.7641764,1157.747895
4.76,637.1068688,573.7652188,1158.176242
4.77,637.1139833,573.7662138,1158.601801
4.78,637.1209468,573.7671564,1159.024599
4.79,637.1277626,573.7680517,1159.444665
4.8,637.1344338,573.7688997,1159.862026
4.81,637.1409635,573.7697005,1160.276709
4.82,637.1473546,573.770454,1160.688741
4.83,637.1536101,573.7711682,1161.098148
4.84,637.1597329,573.7718429,1161.504957
4.85,637.1657258,573.772473,1161.909193
4.86,637.1715916,573.7730559,1162.310883
4.87,637.1773329,573.7735836,1162.710051
4.88,637.1829524,573.7740536,1163.106723
4.89,637.1884526,573.7744868,1163.500924
4.9,637.1938362,573.7748911,1163.892677
4.91,637.1991055,573.7752692,1164.282009
4.92,637.204263,573.775621,1164.668941
4.93,637.2093111,573.7759492,1165.053499
4.94,637.2142521,573.7762564,1165.435705
4.95,637.2190882,573.7765452,1165.815583
4.96,637.2238218,573.7768182,1166.193157
4.97,637.2284548,573.7770755,1166.568448
4.98,637.2329896,573.7773223,1166.941479
4.99,637.2374282,573.7775586,1167.312272
5,637.2417726,573.777787,1167.68085
5.01,637.2460248,573.7780102,1168.047233
5.02,637.2501868,573.7782307,1168.411445
5.03,637.2542605,573.7784513,1168.773505
5.04,637.2582477,573.7786692,1169.133436
5.05,637.2621503,573.7788871,1169.491257
5.06,637.2659702,573.7791077,1169.84699
5.07,637.2697089,573.7793282,1170.200654
5.08,637.2733684,573.7795514,1170.55227
5.09,637.2769502,573.7797745,1170.901859
5.1,637.280456,573.7800003,1171.249438
5.11,637.2838874,573.7802288,1171.595029
5.12,637.287246,573.7804598,1171.938649
5.13,637.2905333,573.7806961,1172.28032
5.14,637.2937509,573.7809324,1172.620058
5.15,637.2969002,573.7811739,1172.957883
5.16,637.2999826,573.7814129,1173.293814
5.17,637.3029997,573.7816544,1173.627868
5.18,637.3059527,573.7818933,1173.960064
5.19,637.3088431,573.7821322,1174.290418
5.2,637.3116722,573.7823659,1174.618951
5.21,637.3144412,573.7825917,1174.945677
5.22,637.3171515,573.7828149,1175.270615
5.23,637.3198042,573.7830275,1175.593782
5.24,637.3224007,573.7832297,1175.915195
5.25,637.324942,573.783424,1176.23487
5.26,637.3274295,573.7836078,1176.552824
5.27,637.3298641,573.7837811,1176.869073
5.28,637.3322471,573.7839412,1177.183633
5.29,637.3345795,573.7840882,1177.49652
5.3,637.3368625,573.7842221,1177.807751
5.31,637.339097,573.784335,1178.11734
5.32,637.341284,573.7844191,1178.425304
5.33,637.3434247,573.7844873,1178.731656
5.34,637.3455199,573.7845398,1179.036413
5.35,637.3475707,573.7845792,1179.33959
5.36,637.349578,573.7846028,1179.6412
5.37,637.3515427,573.7846133,1179.94126
5.38,637.3534656,573.7846133,1180.239782
5.39,637.3553478,573.7846002,1180.536782
5.4,637.35719,573.7845792,1180.832273
5.41,637.3589932,573.7845477,1181.12627
5.42,637.360758,573.7845083,1181.418785
5.43,637.3624855,573.7844611,1181.709834
5.44,637.3641762,573.7844059,1181.999429
5.45,637.3658311,573.7843482,1182.287584
5.46,637.3674509,573.7842852,1182.574311
5.47,637.3690363,573.7842221,1182.859625
5.48,637.3705881,573.7841539,1183.143536
5.49,637.3721069,573.7840882,1183.42606
5.5,637.3735935,573.78402,1183.707208
5.51,637.3750485,573.7839543,1183.986992
5.52,637.3764727,573.7838913,1184.265424
5.53,637.3778667,573.7838336,1184.542518
5.54,637.379231,573.7837784,1184.818285
5.55,637.3805664,573.7837312,1185.092736
5.56,637.3818735,573.7836892,1185.365885
5.57,637.3831529,573.7836524,1185.637741
5.58,637.3844051,573.7836262,1185.908317
5.59,637.3856307,573.7836051,1186.177624
5.6,637.3868303,573.7835946,1186.445674
5.61,637.3880045,573.7835894,1186.712477
5.62,637.3891537,573.7835973,1186.978044
5.63,637.3902786,573.7836104,1187.242386
5.64,637.3913795,573.783634,1187.505515
5.65,637.3924572,573.7836629,1187.767439
5.66,637.3935119,573.7837023,1188.028171
5.67,637.3945443,573.7837469,1188.28772
5.68,637.3955548,573.7837968,1188.546096
5.69,637.3965438,573.7838519,1188.80331
5.7,637.3975118,573.7839123,1189.059372
5.71,637.3984593,573.7839753,1189.314291
5.72,637.3993867,573.7840436,1189.568077
5.73,637.4002944,573.7841145,1189.820741
5.74,637.4011828,573.784188,1190.07229
5.75,637.4020524,573.7842641,1190.322736
5.76,637.4029035,573.7843377,1190.572086
5.77,637.4037366,573.7844138,1190.820351
5.78,637.404552,573.7844873,1191.06754
5.79,637.4053501,573.7845608,1191.31366
5.8,637.4061312,573.7846317,1191.558722
5.81,637.4068958,573.7846974,1191.802735
5.82,637.4076442,573.7847551,1192.045706
5.83,637.4083766,573.7848076,1192.287644
5.84,637.4090936,573.7848549,1192.528558
5.85,637.4097953,573.7848969,1192.768456
5.86,637.4104821,573.784931,1193.007347
5.87,637.4111543,573.7849625,1193.245239
5.88,637.4118123,573.7849862,1193.482139
5.89,637.4124563,573.7850019,1193.718056
5.9,637.4130867,573.7850124,1193.952997
5.91,637.4137037,573.785015,1194.186972
5.92,637.4143076,573.7850098,1194.419986
5.93,637.4148986,573.7849993,1194.652048
5.94,637.4154771,573.7849809,1194.883165
5.95,637.4160434,573.7849573,1195.113345
5.96,637.4165976,573.7849258,1195.342595
5.97,637.4171401,573.784889,1195.570923
5.98,637.417671,573.7848444,1195.798335
5.99,637.4181907,573.7847971,1196.024839
6,637.4186994,573.7847472,1196.250441
6.01,637.4191973,573.7846921,1196.475149
6.02,637.4196846,573.7846317,1196.69897
6.03,637.4201615,573.7845713,1196.92191
6.04,637.4206284,573.7845109,1197.143975
6.05,637.4210853,573.7844453,1197.365174
6.06,637.4215325,573.7843823,1197.585511
6.07,637.4219703,573.7843193,1197.804994
6.08,637.4223987,573.7842563,1198.023629
6.09,637.4228181,573.7841933,1198.241422
6.1,637.4232285,573.7841329,1198.45838
6.11,637.4236303,573.7840751,1198.674509
6.12,637.4240235,573.78402,1198.889814
6.13,637.4244084,573.7839675,1199.104302
6.14,637.4247851,573.7839202,1199.317979
6.15,637.4251538,573.7838756,1199.53085
6.16,637.4255147,573.7838362,1199.742922
6.17,637.425868,573.7837994,1199.9542
6.18,637.4262137,573.7837679,1200.16469
6.19,637.4265521,573.7837417,1200.374397
6.2,637.4268833,573.7837233,1200.583328
6.21,637.4272075,573.7837075,1200.791487
6.22,637.4275248,573.783697,1200.99888
6.23,637.4278354,573.7836918,1201.205512
6.24,637.4281394,573.7836918,1201.411389
6.25,637.4284369,573.7836944,1201.616516
6.26,637.4287282,573.7837049,1201.820898
6.27,637.4290132,573.7837207,1202.02454
6.28,637.4292922,573.783739,1202.227448
6.29,637.4295653,573.7837627,1202.429625
6.3,637.4298326,573.7837889,1202.631078
6.31,637.4300942,573.7838204,1202.831811
6.32,637.4303502,573.7838546,1203.031829
6.33,637.4306008,573.7838913,1203.231137
6.34,637.4308461,573.7839333,1203.429739
6.35,637.4310862,573.7839753,1203.62764
6.36,637.4313212,573.7840173,1203.824845
6.37,637.4315513,573.7840646,1204.021358
6.38,637.4317764,573.7841119,1204.217185
6.39,637.4319967,573.7841591,1204.412328
6.4,637.4322124,573.7842064,1204.606793
6.41,637.4324235,573.7842536,1204.800585
6.42,637.4326301,573.7843009,1204.993707
6.43,637.4328324,573.7843482,1205.186163
6.44,637.4330303,573.7843954,1205.377959
6.45,637.4332241,573.7844401,1205.569098
6.46,637.4334137,573.7844847,1205.759584
6.47,637.4335993,573.7845267,1205.949421
6.48,637.433781,573.7845661,1206.138614
6.49,637.4339588,573.7846055,1206.327166
6.5,637.4341328,573.7846422,1206.515082
6.51,637.4343032,573.7846764,1206.702365
6.52,637.4344699,573.7847052,1206.889019
6.53,637.4346331,573.7847341,1207.075048
6.54,637.4347929,573.7847577,1207.260456
6.55,637.4349492,573.7847787,1207.445247
6.56,637.4351022,573.7847971,1207.629424
6.57,637.435252,573.7848129,1207.812991
6.58,637.4353986,573.7848234,1207.995951
6.59,637.4355421,573.7848286,1208.178309
6.6,637.4356825,573.7848313,1208.360068
6.61,637.43582,573.7848313,1208.541231
6.62,637.4359545,573.784826,1208.721801
6.63,637.4360862,573.7848181,1208.901783
6.64,637.4362151,573.7848076,1209.08118
6.65,637.4363413,573.7847919,1209.259994
6.66,637.4364648,573.7847709,1209.438231
6.67,637.4365856,573.7847472,1209.615891
6.68,637.4367039,573.784721,1209.79298
6.69,637.4368197,573.7846921,1209.9695
6.7,637.436933,573.7846606,1210.145455
6.71,637.4370439,573.7846265,1210.320847
6.72,637.4371525,573.7845871,1210.49568
6.73,637.4372588,573.7845477,1210.669957
6.74,637.4373628,573.7845057,1210.843681
6.75,637.4374646,573.7844637,1211.016855
6.76,637.4375642,573.7844191,1211.189482
6.77,637.4376618,573.7843718,1211.361566
6.78,637.4377572,573.7843272,1211.533108
6.79,637.4378507,573.7842799,1211.704112
6.8,637.4379421,573.7842326,1211.874582
6.81,637.4380316,573.7841854,1212.044519
6.82,637.4381192,573.7841407,1212.213927
6.83,637.438205,573.7840961,1212.382808
6.84,637.4382889,573.7840515,1212.551166
6.85,637.4383711,573.7840121,1212.719003
6.86,637.4384515,573.7839701,1212.886321
6.87,637.4385302,573.7839333,1213.053125
6.88,637.4386072,573.7838992,1213.219415
6.89,637.4386826,573.7838677,1213.385196
6.9,637.4387564,573.7838362,1213.550469
6.91,637.4388286,573.7838099,1213.715237
6.92,637.4388993,573.7837889,1213.879504
6.93,637.4389685,573.7837706,1214.04327
6.94,637.4390362,573.7837548,1214.20654
6.95,637.4391025,573.7837417,1214.369315
6.96,637.4391674,573.7837338,1214.531599
6.97,637.4392309,573.7837312,1214.693393
6.98,637.4392931,573.7837312,1214.8547
6.99,637.4393539,573.7837338,1215.015522
7,637.4394135,573.7837417,1215.175862
7.01,637.4394718,573.7837548,1215.335723
7.02,637.4395288,573.7837679,1215.495106
7.03,637.4395846,573.7837863,1215.654014
7.04,637.4396393,573.7838099,1215.81245
7.05,637.4396928,573.7838336,1215.970415
7.06,637.4397451,573.7838624,1216.127913
7.07,637.4397964,573.7838913,1216.284945
7.08,637.4398466,573.7839255,1216.441513
7.09,637.4398956,573.7839596,1216.59762
7.1,637.4399437,573.783999,1216.753269
7.11,637.4399907,573.7840357,1216.90846
7.12,637.4400368,573.7840777,1217.063197
7.13,637.4400818,573.7841197,1217.217482
7.14,637.4401259,573.7841618,1217.371316
7.15,637.4401691,573.7842038,1217.524702
7.16,637.4402113,573.7842458,1217.677642
7.17,637.4402527,573.7842904,1217.830139
7.18,637.4402932,573.7843324,1217.982194
7.19,637.4403328,573.7843744,1218.133809
7.2,637.4403716,573.7844138,1218.284986
7.21,637.4404095,573.7844532,1218.435728
7.22,637.4404467,573.7844926,1218.586037
7.23,637.440483,573.7845293,1218.735913
7.24,637.4405186,573.7845635,1218.885361
7.25,637.4405534,573.784595,1219.03438
7.26,637.4405875,573.7846265,1219.182974
7.27,637.4406209,573.7846527,1219.331145
7.28,637.4406536,573.784679,1219.478893
7.29,637.4406855,573.7847,1219.626222
7.3,637.4407168,573.784721,1219.773133
7.31,637.4407475,573.7847367,1219.919628
7.32,637.4407774,573.7847525,1220.065709
7.33,637.4408068,573.784763,1220.211377
7.34,637.4408355,573.7847709,1220.356636
7.35,637.4408636,573.7847735,1220.501485
7.36,637.4408911,573.7847761,1220.645928
7.37,637.440918,573.7847735,1220.789966
7.38,637.4409444,573.7847682,1220.9336
7.39,637.4409702,573.7847604,1221.076834
7.4,637.4409954,573.7847499,1221.219667
7.41,637.4410201,573.7847367,1221.362103
7.42,637.4410443,573.784721,1221.504143
7.43,637.441068,573.7847026,1221.645788
7.44,637.4410912,573.7846816,1221.787041
7.45,637.4411139,573.784658,1221.927903
7.46,637.4411361,573.7846317,1222.068376
7.47,637.4411578,573.7846028,1222.208461
7.48,637.4411791,573.784574,1222.34816
7.49,637.4411999,573.7845451,1222.487475
7.5,637.4412203,573.7845109,1222.626407
7.51,637.4412402,573.7844794,1222.764959
7.52,637.4412597,573.7844427,1222.903131
7.53,637.4412788,573.7844085,1223.040926
7.54,637.4412975,573.7843744,1223.178345
7.55,637.4413158,573.7843377,1223.315389
7.56,637.4413337,573.7843009,1223.45206
7.57,637.4413513,573.7842668,1223.58836
7.58,637.4413684,573.7842326,1223.72429
7.59,637.4413852,573.7841959,1223.859853
7.6,637.4414017,573.7841618,1223.995048
7.61,637.4414178,573.7841302,1224.129879
7.62,637.4414335,573.7840987,1224.264346
7.63,637.4414489,573.7840672,1224.398451
7.64,637.441464,573.7840384,1224.532195
7.65,637.4414788,573.7840121,1224.66558
7.66,637.4414932,573.7839858,1224.798608
7.67,637.4415074,573.7839622,1224.93128
7.68,637.4415212,573.7839386,1225.063597
7.69,637.4415348,573.7839176,1225.195562
7.7,637.4415481,573.7838992,1225.327174
7.71,637.4415611,573.7838834,1225.458437
7.72,637.4415738,573.7838677,1225.58935
7.73,637.4415862,573.7838572,1225.719916
7.74,637.4415984,573.7838467,1225.850136
7.75,637.4416103,573.7838388,1225.980012
7.76,637.441622,573.7838309,1226.109545
7.77,637.4416334,573.7838283,1226.238736
7.78,637.4416446,573.7838257,1226.367586
7.79,637.4416555,573.7838257,1226.496098
7.8,637.4416662,573.7838283,1226.624272
7.81,637.4416767,573.7838309,1226.752109
7.82,637.4416869,573.7838362,1226.879612
7.83,637.441697,573.7838441,1227.006782
7.84,637.4417068,573.7838519,1227.133619
7.85,637.4417164,573.7838624,1227.260125
7.86,637.4417258,573.7838729,1227.386302
7.87,637.441735,573.7838861,1227.51215
7.88,637.4417441,573.7838992,1227.637671
7.89,637.4417529,573.783915,1227.762867
7.9,637.4417615,573.7839307,1227.887738
7.91,637.44177,573.7839491,1228.012287
7.92,637.4417783,573.7839675,1228.136513
7.93,637.4417864,573.7839858,1228.260419
7.94,637.4417943,573.7840042,1228.384006
7.95,637.4418021,573.7840252,1228.507274
7.96,637.4418096,573.7840462,1228.630226
7.97,637.4418171,573.7840672,1228.752863
7.98,637.4418244,573.7840882,1228.875185
7.99,637.4418315,573.7841092,1228.997194
8,637.4418385,573.7841302,1229.118891
8.01,637.4418453,573.7841513,1229.240277
8.02,637.441852,573.7841723,1229.361354
8.03,637.4418585,573.7841933,1229.482123
8.04,637.4418649,573.7842143,1229.602585
8.05,637.4418712,573.7842326,1229.722741
8.06,637.4418773,573.7842536,1229.842592
8.07,637.4418833,573.784272,1229.96214
8.08,637.4418892,573.784293,1230.081385
8.09,637.4418949,573.7843114,1230.200329
8.1,637.4419005,573.7843272,1230.318973
8.11,637.441906,573.7843455,1230.437318
8.12,637.4419114,573.7843613,1230.555366
8.13,637.4419167,573.784377,1230.673116
8.14,637.4419219,573.7843928,1230.790572
8.15,637.4419269,573.7844059,1230.907733
8.16,637.4419319,573.7844191,1231.024601
8.17,637.4419367,573.7844322,1231.141176
8.18,637.4419414,573.7844427,1231.257461
8.19,637.4419461,573.7844532,1231.373456
8.2,637.4419506,573.7844637,1231.489162
8.21,637.4419551,573.7844716,1231.60458
8.22,637.4419594,573.7844794,1231.719711
8.23,637.4419637,573.7844847,1231.834557
8.24,637.4419678,573.7844899,1231.949118
8.25,637.4419719,573.7844952,1232.063396
8.26,637.4419759,573.7845004,1232.177392
8.27,637.4419798,573.7845031,1232.291106
8.28,637.4419836,573.7845031,1232.40454
8.29,637.4419874,573.7845031,1232.517695
8.3,637.441991,573.7845031,1232.630572
8.31,637.4419946,573.7845031,1232.743171
8.32,637.4419981,573.7845004,1232.855494
8.33,637.4420016,573.7844952,1232.967542
8.34,637.4420049,573.7844926,1233.079316
8.35,637.4420082,573.7844873,1233.190817
8.36,637.4420114,573.7844794,1233.302046
8.37,637.4420146,573.7844742,1233.413004
8.38,637.4420177,573.7844663,1233.523692
8.39,637.4420207,573.7844558,1233.63411
8.4,637.4420236,573.7844479,1233.744261
8.41,637.4420265,573.7844374,1233.854144
8.42,637.4420294,573.7844243,1233.963761
8.43,637.4420321,573.7844138,1234.073114
8.44,637.4420349,573.7844007,1234.182202
8.45,637.4420375,573.7843875,1234.291026
8.46,637.4420401,573.7843718,1234.399589
8.47,637.4420427,573.7843587,1234.50789
8.48,637.4420451,573.7843429,1234.615931
8.49,637.4420476,573.7843272,1234.723712
8.5,637.44205,573.7843114,1234.831234
8.51,637.4420523,573.7842957,1234.9385
8.52,637.4420546,573.7842799,1235.045508
8.53,637.4420568,573.7842641,1235.152261
8.54,637.442059,573.7842458,1235.258759
8.55,637.4420612,573.78423,1235.365003
8.56,637.4420633,573.7842116,1235.470995
8.57,637.4420653,573.7841959,1235.576734
8.58,637.4420673,573.7841775,1235.682222
8.59,637.4420693,573.7841618,1235.78746
8.6,637.4420712,573.7841434,1235.892448
8.61,637.4420731,573.7841276,1235.997188
8.62,637.4420749,573.7841119,1236.101681
8.63,637.4420767,573.7840961,1236.205926
8.64,637.4420785,573.7840804,1236.309926
8.65,637.4420802,573.7840646,1236.413681
8.66,637.4420819,573.7840489,1236.517192
8.67,637.4420836,573.7840357,1236.62046
8.68,637.4420852,573.7840226,1236.723485
8.69,637.4420868,573.7840095,1236.826269
8.7,637.4420883,573.7839963,1236.928812
8.71,637.4420899,573.7839832,1237.031115
8.72,637.4420914,573.7839727,1237.13318
8.73,637.4420928,573.7839622,1237.235006
8.74,637.4420942,573.7839543,1237.336595
8.75,637.4420956,573.7839438,1237.437948
8.76,637.442097,573.783936,1237.539064
8.77,637.4420983,573.7839307,1237.639947
8.78,637.4420996,573.7839228,1237.740595
8.79,637.4421009,573.7839176,1237.84101
8.8,637.4421022,573.783915,1237.941192
8.81,637.4421034,573.7839097,1238.041143
8.82,637.4421046,573.7839071,1238.140864
8.83,637.4421058,573.7839071,1238.240354
8.84,637.4421069,573.7839045,1238.339616
8.85,637.4421081,573.7839045,1238.438649
8.86,637.4421092,573.7839071,1238.537454
8.87,637.4421102,573.7839071,1238.636033
8.88,637.4421113,573.7839097,1238.734385
8.89,637.4421123,573.783915,1238.832513
8.9,637.4421133,573.7839176,1238.930416
8.91,637.4421143,573.7839228,1239.028095
8.92,637.4421153,573.7839307,1239.125551
8.93,637.4421162,573.783936,1239.222786
8.94,637.4421172,573.7839438,1239.319799
8.95,637.4421181,573.7839517,1239.416591
8.96,637.442119,573.7839622,1239.513164
8.97,637.4421198,573.7839727,1239.609517
8.98,637.4421207,573.7839832,1239.705652
8.99,637.4421215,573.7839937,1239.80157
9,637.4421223,573.7840042,1239.89727
9.01,637.4421231,573.7840173,1239.992755
9.02,637.4421239,573.7840305,1240.088024
9.03,637.4421247,573.7840436,1240.183078
9.04,637.4421254,573.7840594,1240.277919
9.05,637.4421262,573.7840725,1240.372546
9.06,637.4421269,573.7840882,1240.466961
9.07,637.4421276,573.784104,1240.561164
9.08,637.4421283,573.7841197,1240.655156
9.09,637.4421289,573.7841355,1240.748938
9.1,637.4421296,573.7841513,1240.842509
9.11,637.4421303,573.7841696,1240.935872
9.12,637.4421309,573.7841854,1241.029027
9.13,637.4421315,573.7842011,1241.121974
9.14,637.4421321,573.7842195,1241.214715
9.15,637.4421327,573.7842353,1241.307249
9.16,637.4421333,573.784251,1241.399578
9.17,637.4421338,573.7842694,1241.491702
9.18,637.4421344,573.7842852,1241.583622
9.19,637.4421349,573.7843009,1241.675338
9.2,637.4421355,573.7843167,1241.766852
9.21,637.442136,573.7843324,1241.858163
9.22,637.4421365,573.7843455,1241.949274
9.23,637.442137,573.7843613,1242.040183
9.24,637.4421375,573.7843744,1242.130893
9.25,637.442138,573.7843875,1242.221403
9.26,637.4421384,573.7844007,1242.311714
9.27,637.4421389,573.7844138,1242.401827
9.28,637.4421393,573.7844243,1242.491743
9.29,637.4421398,573.7844348,1242.581462
9.3,637.4421402,573.7844453,1242.670985
9.31,637.4421406,573.7844532,1242.760312
9.32,637.442141,573.7844611,1242.849445
9.33,637.4421414,573.7844689,1242.938383
9.34,637.4421418,573.7844742,1243.027128
9.35,637.4421422,573.7844794,1243.115679
9.36,637.4421426,573.7844847,1243.204039
9.37,637.442143,573.7844873,1243.292207
9.38,637.4421433,573.7844899,1243.380183
9.39,637.4421437,573.7844926,1243.46797
9.4,637.442144,573.7844926,1243.555566
9.41,637.4421444,573.7844926,1243.642973
9.42,637.4421447,573.7844899,1243.730192
9.43,637.442145,573.7844873,1243.817223
9.44,637.4421453,573.7844847,1243.904066
9.45,637.4421456,573.7844821,1243.990723
9.46,637.4421459,573.7844768,1244.077193
9.47,637.4421462,573.7844689,1244.163478
9.48,637.4421465,573.7844637,1244.249578
9.49,637.4421468,573.7844558,1244.335493
9.5,637.4421471,573.7844479,1244.421225
9.51,637.4421474,573.7844401,1244.506773
9.52,637.4421476,573.7844296,1244.592139
9.53,637.4421479,573.7844217,1244.677323
9.54,637.4421482,573.7844112,1244.762326
9.55,637.4421484,573.784398,1244.847147
9.56,637.4421487,573.7843875,1244.931789
9.57,637.4421489,573.784377,1245.01625
9.58,637.4421491,573.7843639,1245.100533
9.59,637.4421494,573.7843508,1245.184637
9.6,637.4421496,573.7843377,1245.268563
9.61,637.4421498,573.7843245,1245.352311
9.62,637.44215,573.7843114,1245.435883
9.63,637.4421502,573.7842983,1245.519279
9.64,637.4421504,573.7842852,1245.602498
9.65,637.4421506,573.7842694,1245.685543
9.66,637.4421508,573.7842563,1245.768413
9.67,637.442151,573.7842431,1245.851109
9.68,637.4421512,573.7842274,1245.933631
9.69,637.4421514,573.7842143,1246.015981
9.7,637.4421516,573.7842011,1246.098158
9.71,637.4421518,573.784188,1246.180163
9.72,637.4421519,573.7841749,1246.261996
9.73,637.4421521,573.7841591,1246.343659
9.74,637.4421523,573.784146,1246.425152
9.75,637.4421524,573.7841355,1246.506475
9.76,637.4421526,573.7841224,1246.587629
9.77,637.4421528,573.7841092,1246.668613
9.78,637.4421529,573.7840987,1246.74943
9.79,637.4421531,573.7840856,1246.83008
9.8,637.4421532,573.7840751,1246.910562
9.81,637.4421534,573.7840646,1246.990877
9.82,637.4421535,573.7840541,1247.071027
9.83,637.4421536,573.7840462,1247.151011
9.84,637.4421538,573.7840357,1247.23083
9.85,637.4421539,573.7840279,1247.310484
9.86,637.442154,573.78402,1247.389974
9.87,637.4421542,573.7840121,1247.469301
9.88,637.4421543,573.7840042,1247.548465
9.89,637.4421544,573.783999,1247.627466
9.9,637.4421545,573.7839937,1247.706305
9.91,637.4421546,573.7839885,1247.784983
9.92,637.4421547,573.7839832,1247.8635
9.93,637.4421549,573.7839806,1247.941856
9.94,637.442155,573.783978,1248.020052
9.95,637.4421551,573.7839753,1248.098089
9.96,637.4421552,573.7839727,1248.175967
9.97,637.4421553,573.7839727,1248.253686
9.98,637.4421554,573.7839727,1248.331247
9.99,637.4421555,573.7839727,1248.408651
10,637.4421556,573.7839727,1248.485897
